{
  "accuracy": 0.982,
  "precision": 0.9860279441117764,
  "recall": 0.9782178217821782,
  "f1": 0.9821073558648111,
  "auc": 0.9986518651865186
}